name,n_phases,r1,x1,r0,x0,c1,c0,units,r_matrix,x_matrix,c_matrix,rg,xg,rho,symmetrical_components
336matrix,3,0.058,0.1206,0.1784,0.4047,3.4E-9,1.6E-9,none,[  0.08684550 |  0.02983050   0.08879660 |  0.02888830   0.02983050   0.08684550 ],[  0.20254490 |  0.08472100   0.19614520 |  0.07191610   0.08472100   0.20254490 ],[  2.74000000 | -0.70000000   2.96000000 | -0.34000000  -0.71000000   2.74000000 ],0.01805,0.155081,100,false
