name,n_pts,interval,mean,std_dev,use_actual
day,24,1,0.6349999999999999,0.2594308151050815,false
year,24,1,0.6349999999999999,0.2594308151050815,false
wind,2400,0.00027777,0.5988405125010946,0.1688154145142115,false
